{"cameraMode":{"drawMode":0,"name":"Shaded","section":"Shading Mode"},"sceneLighting":true,"audioPlay":false,"sceneViewState":{"showFog":true,"showMaterialUpdate":false,"showSkybox":true,"showFlares":true,"showImageEffects":true,"showParticleSystems":true},"in2DMode":false,"pivot":{"x":0.07964907586574555,"y":1.6684479713439942,"z":6.782802581787109},"rotation":{"x":-0.06625960022211075,"y":0.006582369562238455,"z":-0.0004372411349322647,"w":-0.9977816343307495},"size":14.711091041564942,"orthographic":false}