{"cameraMode":{"drawMode":0,"name":"Shaded","section":"Shading Mode"},"sceneLighting":true,"audioPlay":false,"sceneViewState":{"showFog":true,"showMaterialUpdate":false,"showSkybox":true,"showFlares":true,"showImageEffects":true,"showParticleSystems":true},"in2DMode":false,"pivot":{"x":0.14932677149772645,"y":2.0,"z":-0.002172403736039996},"rotation":{"x":0.1448751837015152,"y":-0.0016516958130523563,"z":0.00024207284150179476,"w":0.989450991153717},"size":3.90431809425354,"orthographic":true}